{
  "layer": 14,
  "d": 4096,
  "n_test": 256,
  "n_gen": 128,
  "conditions": {
    "baseline": {
      "auc": 0.997650146484375,
      "refusal_rate": [
        0.984375,
        0.9448179261814565,
        0.9957046402922513
      ]
    },
    "ablate_refusal_dir": {
      "auc": 0.9394378662109375,
      "refusal_rate": [
        0.6875,
        0.602727327674739,
        0.7613459238634704
      ]
    },
    "ablate_top8": {
      "auc": 0.9981689453125,
      "refusal_rate": [
        0.984375,
        0.9448179261814565,
        0.9957046402922513
      ]
    },
    "ablate_rand8": {
      "auc": 0.99676513671875,
      "refusal_rate": [
        0.984375,
        0.9448179261814565,
        0.9957046402922513
      ]
    },
    "ablate_top32": {
      "auc": 0.997161865234375,
      "refusal_rate": [
        0.984375,
        0.9448179261814565,
        0.9957046402922513
      ]
    },
    "ablate_rand32": {
      "auc": 0.997467041015625,
      "refusal_rate": [
        0.984375,
        0.9448179261814565,
        0.9957046402922513
      ]
    },
    "ablate_top128": {
      "auc": 0.9056396484375,
      "refusal_rate": [
        0.03125,
        0.012218067575115642,
        0.07759880357936064
      ]
    },
    "ablate_rand128": {
      "auc": 0.993865966796875,
      "refusal_rate": [
        0.9453125,
        0.8914138332864409,
        0.9732601391168066
      ]
    },
    "ablate_top512": {
      "auc": 0.6442718505859375,
      "refusal_rate": [
        0.0,
        0,
        0.02913799589810803
      ]
    },
    "ablate_rand512": {
      "auc": 0.56744384765625,
      "refusal_rate": [
        0.0,
        0,
        0.02913799589810803
      ]
    }
  }
}