{
  "layer": 12,
  "n": 100,
  "alphas": [
    0.5,
    1.0,
    2.0,
    4.0,
    8.0
  ],
  "necessity": {
    "misaligned_baseline": {
      "rate": 0.034530386740331494,
      "n_mis": 25,
      "n_ok": 724
    },
    "ablate_v": {
      "rate": 0.003968253968253968,
      "n_mis": 3,
      "n_ok": 756
    },
    "ablate_random": {
      "rate": 0.033707865168539325,
      "n_mis": 24,
      "n_ok": 712
    }
  }
}