{
  "layer": 12,
  "n": 100,
  "alphas": [
    0.5,
    1.0,
    2.0,
    4.0,
    8.0
  ],
  "necessity": {
    "misaligned_baseline": {
      "rate": 0.08866279069767442,
      "n_mis": 61,
      "n_ok": 688
    },
    "ablate_v": {
      "rate": 0.030831099195710455,
      "n_mis": 23,
      "n_ok": 746
    },
    "ablate_random": {
      "rate": 0.07323943661971831,
      "n_mis": 52,
      "n_ok": 710
    }
  }
}