{
  "layer": 14,
  "d": 4096,
  "n_fit": 256,
  "n_test": 512,
  "topk": 8,
  "capture": {
    "1": {
      "capture": 0.00046606308330392616,
      "null_mean": 0.0002502724605595965,
      "null_p95": 0.0009630522823160758,
      "enrichment": 1.8622228041464604
    },
    "2": {
      "capture": 0.0011472671824760163,
      "null_mean": 0.0004927821645404143,
      "null_p95": 0.0014249363443387462,
      "enrichment": 2.3281426663361438
    },
    "4": {
      "capture": 0.002603500317072525,
      "null_mean": 0.000996257549159755,
      "null_p95": 0.002355562565708931,
      "enrichment": 2.613280390465619
    },
    "8": {
      "capture": 0.02778013659211956,
      "null_mean": 0.001980743335490443,
      "null_p95": 0.003775879866959009,
      "enrichment": 14.025106683113512
    },
    "16": {
      "capture": 0.030751779252390542,
      "null_mean": 0.003889437230540728,
      "null_p95": 0.006470948475712927,
      "enrichment": 7.906485547811575
    },
    "32": {
      "capture": 0.04171849626075665,
      "null_mean": 0.007801303034663766,
      "null_p95": 0.011346688081259805,
      "enrichment": 5.347631809120553
    },
    "64": {
      "capture": 0.07178122278160015,
      "null_mean": 0.015669749529472324,
      "null_p95": 0.020556765184973666,
      "enrichment": 4.580878759203586
    },
    "128": {
      "capture": 0.10650236973174929,
      "null_mean": 0.031409192109244456,
      "null_p95": 0.03821466823045659,
      "enrichment": 3.390802582929319
    },
    "256": {
      "capture": 0.14970277936240006,
      "null_mean": 0.06250615701312863,
      "null_p95": 0.07156259832775617,
      "enrichment": 2.3950085322147845
    }
  },
  "conditions": {
    "baseline": {
      "refusal_logit_harmful": [
        -0.04923028498888016,
        -0.10378190129995346,
        -0.013460115529596806
      ],
      "refusal_logit_harmless": [
        -11.719977378845215,
        -12.393411636352539,
        -11.088502883911133
      ],
      "refusal_logit_gap": [
        12.680773735046387,
        12.626221656799316,
        12.716544151306152
      ],
      "proj_harmful": [
        2.6638317108154297,
        2.573566436767578,
        2.7551326751708984
      ],
      "proj_harmless": [
        -1.2242491245269775,
        -1.2740925550460815,
        -1.1724708080291748
      ],
      "auc_refusal_logit": 0.9977904040404041,
      "auc_proj": 0.9999282598714417
    },
    "ablate_top8": {
      "refusal_logit_harmful": [
        -0.024233002215623856,
        -0.04182925075292587,
        -0.010726704262197018
      ],
      "refusal_logit_harmless": [
        -6.920783996582031,
        -7.370970726013184,
        -6.473363399505615
      ],
      "refusal_logit_gap": [
        6.602921962738037,
        6.585326671600342,
        6.616428375244141
      ],
      "proj_harmful": [
        2.635673999786377,
        2.5451135635375977,
        2.7226805686950684
      ],
      "proj_harmless": [
        -0.9449756145477295,
        -0.9959477186203003,
        -0.8924064040184021
      ],
      "auc_refusal_logit": 0.9982638888888888,
      "auc_proj": 0.9999426078971534
    },
    "ablate_random": {
      "refusal_logit_harmful": [
        -0.07161126285791397,
        -0.15168896317481995,
        -0.022145213559269905
      ],
      "refusal_logit_harmless": [
        -11.77193546295166,
        -12.456324577331543,
        -11.12961196899414
      ],
      "refusal_logit_gap": [
        12.655843734741211,
        12.575767517089844,
        12.70530891418457
      ],
      "proj_harmful": [
        2.519803285598755,
        2.4248416423797607,
        2.611765146255493
      ],
      "proj_harmless": [
        -1.1821041107177734,
        -1.230533480644226,
        -1.1321816444396973
      ],
      "auc_refusal_logit": 0.9968290863177227,
      "auc_proj": 0.9998852157943067
    }
  }
}