{
  "tag": "llama",
  "layer": 12,
  "folds": [
    {
      "held": 0,
      "mis_score": 0.45023234105866183,
      "ben_score": 0.2284325612988204,
      "mis_rand": 0.014541070533068079,
      "ben_rand": 0.015766507639406988
    },
    {
      "held": 1,
      "mis_score": 0.4515806825874227,
      "ben_score": 0.23361006584824495,
      "mis_rand": 0.017994972055913955,
      "ben_rand": 0.011903895386971232
    },
    {
      "held": 2,
      "mis_score": 0.4162667928965459,
      "ben_score": 0.24376151891163667,
      "mis_rand": 0.013291242174506532,
      "ben_rand": 0.013902557045667872
    },
    {
      "held": 3,
      "mis_score": 0.4231322280799015,
      "ben_score": 0.22440829670296245,
      "mis_rand": 0.01592721099780531,
      "ben_rand": 0.012122801947043845
    }
  ],
  "mis_above_ben": "4/4",
  "mean_margin": 0.20274990046521685
}