{
  "tag": "med",
  "layer": 12,
  "folds": [
    {
      "held": 0,
      "mis_score": 0.6854903559029428,
      "ben_score": 0.10043532571992408,
      "mis_rand": 0.0190664168517499,
      "ben_rand": 0.013812985515341424
    },
    {
      "held": 1,
      "mis_score": 0.6581966059995352,
      "ben_score": 0.09818464774505209,
      "mis_rand": 0.012536691033016738,
      "ben_rand": 0.011924544151706252
    },
    {
      "held": 2,
      "mis_score": 0.6921011872315928,
      "ben_score": 0.10061119136654503,
      "mis_rand": 0.01560177539209479,
      "ben_rand": 0.01214284755050935
    },
    {
      "held": 3,
      "mis_score": 0.6480490193045585,
      "ben_score": 0.09237377320547487,
      "mis_rand": 0.01712340819187352,
      "ben_rand": 0.014433108213117964
    }
  ],
  "mis_above_ben": "4/4",
  "mean_margin": 0.5730580576004083
}