{
  "tag": "mistral",
  "layer": 12,
  "folds": [
    {
      "held": 0,
      "mis_score": 0.26258680574883997,
      "ben_score": 0.14875230112860088,
      "mis_rand": 0.021197825330391995,
      "ben_rand": 0.015834222972216438
    },
    {
      "held": 1,
      "mis_score": 0.25518900066089933,
      "ben_score": 0.13437172256612123,
      "mis_rand": 0.020399516865221328,
      "ben_rand": 0.01626383425496757
    },
    {
      "held": 2,
      "mis_score": 0.24258859682669154,
      "ben_score": 0.14701064608285486,
      "mis_rand": 0.02213246564921495,
      "ben_rand": 0.013972083895801384
    },
    {
      "held": 3,
      "mis_score": 0.2943903642558208,
      "ben_score": 0.11241357748018828,
      "mis_rand": 0.016856935687969695,
      "ben_rand": 0.014152428345050545
    }
  ],
  "mis_above_ben": "4/4",
  "mean_margin": 0.1280516300586216
}