{
  "layer": 14,
  "n_gen": 100,
  "resid_norm": 6.982094764709473,
  "alphas": [
    0.0,
    2.0,
    4.0,
    6.0,
    8.0
  ],
  "spectral": {
    "0.0": {
      "refusal": [
        0.0,
        0,
        0.03699480747600191
      ],
      "degenerate": 0.02
    },
    "2.0": {
      "refusal": [
        0.0,
        0,
        0.03699480747600191
      ],
      "degenerate": 0.01
    },
    "4.0": {
      "refusal": [
        0.0,
        0,
        0.03699480747600191
      ],
      "degenerate": 0.01
    },
    "6.0": {
      "refusal": [
        0.0,
        0,
        0.03699480747600191
      ],
      "degenerate": 0.01
    },
    "8.0": {
      "refusal": [
        0.0,
        0,
        0.03699480747600191
      ],
      "degenerate": 0.01
    }
  },
  "random": {
    "0.0": {
      "refusal": [
        0.0,
        0,
        0.03699480747600191
      ],
      "degenerate": 0.02
    },
    "2.0": {
      "refusal": [
        0.0,
        0,
        0.03699480747600191
      ],
      "degenerate": 0.01
    },
    "4.0": {
      "refusal": [
        0.0,
        0,
        0.03699480747600191
      ],
      "degenerate": 0.01
    },
    "6.0": {
      "refusal": [
        0.0,
        0,
        0.03699480747600191
      ],
      "degenerate": 0.0
    },
    "8.0": {
      "refusal": [
        0.01,
        0.0017673865655472645,
        0.0544875247609346
      ],
      "degenerate": 0.0
    }
  },
  "refusal_dir": {
    "0.0": {
      "refusal": [
        0.0,
        0,
        0.03699480747600191
      ],
      "degenerate": 0.02
    },
    "2.0": {
      "refusal": [
        0.12,
        0.06999337365267776,
        0.19812268002908368
      ],
      "degenerate": 0.01
    },
    "4.0": {
      "refusal": [
        0.98,
        0.9299868370580063,
        0.9944981477650318
      ],
      "degenerate": 0.0
    },
    "6.0": {
      "refusal": [
        1.0,
        0.9630051925239981,
        0.9999999999999999
      ],
      "degenerate": 0.0
    },
    "8.0": {
      "refusal": [
        1.0,
        0.9630051925239981,
        0.9999999999999999
      ],
      "degenerate": 0.0
    }
  },
  "spectral_subspace": {
    "0.0": {
      "refusal": [
        0.0,
        0,
        0.03699480747600191
      ],
      "degenerate": 0.02
    },
    "2.0": {
      "refusal": [
        0.03,
        0.010254338223414816,
        0.08452078080402699
      ],
      "degenerate": 0.0
    },
    "4.0": {
      "refusal": [
        0.3,
        0.21894753866228117,
        0.39585038432811953
      ],
      "degenerate": 0.0
    },
    "6.0": {
      "refusal": [
        0.67,
        0.5730516033971139,
        0.7543701620610456
      ],
      "degenerate": 0.0
    },
    "8.0": {
      "refusal": [
        0.41,
        0.31867157095664655,
        0.5079874943890338
      ],
      "degenerate": 0.07
    }
  },
  "refusal_in_spec_fraction": 0.10515114667491832
}