{
  "n_matrices": 224,
  "top_over_edge": {
    "min": 4.122734429936176,
    "median": 21.960807554707365,
    "max": 24486.341757720333,
    "frac_above_1": 1.0,
    "frac_above_5": 0.9642857142857143
  },
  "spikes": {
    "min": 141,
    "median": 709.0,
    "max": 1178,
    "median_spikes_over_rank": 0.187255859375
  },
  "effrank_ratio_delta_vs_base": 0.9413815492862878,
  "effrank_ratio_delta_vs_instruct": 0.9413734804786804,
  "stable_rank_delta_median": 108.58398379492577,
  "by_type": {
    "q_proj": {
      "n": 32,
      "median_top_over_edge": 80.85439871016202,
      "median_spikes": 807.5,
      "median_stable_rank": 45.017617682500074
    },
    "k_proj": {
      "n": 32,
      "median_top_over_edge": 25.383910807178008,
      "median_spikes": 238.5,
      "median_stable_rank": 36.09675063333373
    },
    "v_proj": {
      "n": 32,
      "median_top_over_edge": 6.16486905707378,
      "median_spikes": 168.0,
      "median_stable_rank": 99.92871804074917
    },
    "o_proj": {
      "n": 32,
      "median_top_over_edge": 23.603207506132406,
      "median_spikes": 756.5,
      "median_stable_rank": 115.03613967614676
    },
    "gate_proj": {
      "n": 32,
      "median_top_over_edge": 24.61404684359053,
      "median_spikes": 734.5,
      "median_stable_rank": 111.56419739577679
    },
    "up_proj": {
      "n": 32,
      "median_top_over_edge": 18.35412978256229,
      "median_spikes": 778.5,
      "median_stable_rank": 147.85402861778408
    },
    "down_proj": {
      "n": 32,
      "median_top_over_edge": 8.051769923911968,
      "median_spikes": 680.5,
      "median_stable_rank": 298.8597358032332
    }
  }
}