{
  "schema_version": 1,
  "description": "Synthetic BBP validation for the same MP plus six-Tracy-Widom strict spike counter used in spectral.py.",
  "p": 2048,
  "q": 512,
  "gamma": 0.25,
  "sigma2_noise": 1.0,
  "bbp_theta_threshold": 0.5,
  "tw_multiplier": 6.0,
  "cases": [
    {
      "name": "diffuse_null",
      "seed": 123,
      "signal_rank": 0,
      "theta_per_direction": 0.0,
      "total_theta": 0.0,
      "r_star": null,
      "expected_strict_spikes": 0,
      "strict_spikes": 0,
      "above_mp_edge": 0,
      "fitted_sigma2": 1.000432366551715,
      "mp_hi": 2.2509728247413587,
      "tw_scale": 0.013420420062926767,
      "strict_edge": 2.3314953451189195,
      "top_eig": 2.247454591932177,
      "top_eig_over_mp_edge": 0.9984370167553728,
      "strict_edge_over_mp_edge": 1.0357723200797917
    },
    {
      "name": "planted_rank_1",
      "seed": 124,
      "signal_rank": 1,
      "theta_per_direction": 1.5,
      "total_theta": 1.5,
      "r_star": 3.0,
      "expected_strict_spikes": 1,
      "strict_spikes": 1,
      "above_mp_edge": 1,
      "fitted_sigma2": 0.9978506523266261,
      "mp_hi": 2.2451639677349085,
      "tw_scale": 0.013385787347571357,
      "strict_edge": 2.3254786918203365,
      "top_eig": 2.957452822909874,
      "top_eig_over_mp_edge": 1.3172547152062022,
      "strict_edge_over_mp_edge": 1.0357723200797917,
      "planted_subspace_cos2": {
        "mean": 0.7676738451775343,
        "min": 0.7676738451775343,
        "max": 0.7676738451775343
      }
    },
    {
      "name": "planted_rank_4",
      "seed": 125,
      "signal_rank": 4,
      "theta_per_direction": 1.5,
      "total_theta": 6.0,
      "r_star": 12.0,
      "expected_strict_spikes": 4,
      "strict_spikes": 4,
      "above_mp_edge": 4,
      "fitted_sigma2": 1.0063263957166184,
      "mp_hi": 2.2642343903623914,
      "tw_scale": 0.013499486224619226,
      "strict_edge": 2.345231307710107,
      "top_eig": 2.963563360618976,
      "top_eig_over_mp_edge": 1.308858911971855,
      "strict_edge_over_mp_edge": 1.0357723200797917,
      "planted_subspace_cos2": {
        "mean": 0.7588410008924863,
        "min": 0.734845956484598,
        "max": 0.7745191155040305
      }
    },
    {
      "name": "planted_rank_16",
      "seed": 126,
      "signal_rank": 16,
      "theta_per_direction": 1.5,
      "total_theta": 24.0,
      "r_star": 48.0,
      "expected_strict_spikes": 16,
      "strict_spikes": 16,
      "above_mp_edge": 16,
      "fitted_sigma2": 1.0138470014156802,
      "mp_hi": 2.2811557531852804,
      "tw_scale": 0.013600372292467001,
      "strict_edge": 2.3627579869400823,
      "top_eig": 3.172350984821991,
      "top_eig_over_mp_edge": 1.3906770637613388,
      "strict_edge_over_mp_edge": 1.0357723200797917,
      "planted_subspace_cos2": {
        "mean": 0.7637690886765972,
        "min": 0.6660124907333602,
        "max": 0.8361826176919926
      }
    },
    {
      "name": "energy_matched_rank_128",
      "seed": 127,
      "signal_rank": 128,
      "theta_per_direction": 0.1875,
      "total_theta": 24.0,
      "r_star": 48.0,
      "expected_strict_spikes": 0,
      "strict_spikes": 0,
      "above_mp_edge": 0,
      "fitted_sigma2": 1.0458400258269416,
      "mp_hi": 2.3531400581106183,
      "tw_scale": 0.014029546558552089,
      "strict_edge": 2.437317337461931,
      "top_eig": 2.3368385785159718,
      "top_eig_over_mp_edge": 0.9930724567207719,
      "strict_edge_over_mp_edge": 1.0357723200797917
    }
  ]
}
