{
  "r": 16,
  "overlap_oproj_by_layer": {
    "0": {
      "overlap": 0.05240291932880032,
      "null": 0.003430378771258374
    },
    "1": {
      "overlap": 0.04961299866725123,
      "null": 0.004187130914663117
    },
    "2": {
      "overlap": 0.027573004225767916,
      "null": 0.004390749197220307
    },
    "3": {
      "overlap": 0.019344911022620044,
      "null": 0.0038198224300594113
    },
    "4": {
      "overlap": 0.01616851843154426,
      "null": 0.003235296315410605
    },
    "5": {
      "overlap": 0.016241455747681408,
      "null": 0.0042485917776722976
    },
    "6": {
      "overlap": 0.013098570127546786,
      "null": 0.004228180474239444
    },
    "7": {
      "overlap": 0.009669343659608552,
      "null": 0.003408051400905756
    },
    "8": {
      "overlap": 0.0075211412182897295,
      "null": 0.004046276810603541
    },
    "9": {
      "overlap": 0.005580851462063473,
      "null": 0.003727878166784187
    },
    "10": {
      "overlap": 0.010341443288479014,
      "null": 0.004540160025031871
    },
    "11": {
      "overlap": 0.013112821886354271,
      "null": 0.0037697854868245506
    },
    "12": {
      "overlap": 0.012018436968096092,
      "null": 0.003363031037007144
    },
    "13": {
      "overlap": 0.007745638993858874,
      "null": 0.00362350209698848
    },
    "14": {
      "overlap": 0.01922104034887558,
      "null": 0.003987205659335719
    },
    "15": {
      "overlap": 0.03432144080836512,
      "null": 0.004031514929041573
    },
    "16": {
      "overlap": 0.008250392985810446,
      "null": 0.004043579409381461
    },
    "17": {
      "overlap": 0.0065690412345327685,
      "null": 0.003919938867209229
    },
    "18": {
      "overlap": 0.003772317172320714,
      "null": 0.004696418801727251
    },
    "19": {
      "overlap": 0.01605831958298798,
      "null": 0.004194201410750411
    },
    "20": {
      "overlap": 0.013652052052685028,
      "null": 0.003973595256815961
    },
    "21": {
      "overlap": 0.010970256487834836,
      "null": 0.0036781896767755437
    },
    "22": {
      "overlap": 0.011549216069170294,
      "null": 0.0031981468108159793
    },
    "23": {
      "overlap": 0.006088671993494331,
      "null": 0.0040051548117917305
    },
    "24": {
      "overlap": 0.03060015963637122,
      "null": 0.0036534957486834213
    },
    "25": {
      "overlap": 0.021660973141674575,
      "null": 0.0032464732400597513
    },
    "26": {
      "overlap": 0.010566957924392887,
      "null": 0.004110495473527905
    },
    "27": {
      "overlap": 0.013869573878178904,
      "null": 0.004168563411561287
    },
    "28": {
      "overlap": 0.019736487327860944,
      "null": 0.00387237401046067
    },
    "29": {
      "overlap": 0.02232839423443121,
      "null": 0.0038904187168382017
    },
    "30": {
      "overlap": 0.010178360026628905,
      "null": 0.004002354409446736
    },
    "31": {
      "overlap": 0.04098075197055252,
      "null": 0.003771191351312689
    }
  },
  "energy_curve": {
    "ks": [
      1,
      2,
      4,
      8,
      16,
      32,
      64,
      128,
      256
    ],
    "down_proj": [
      0.003738686288759378,
      0.006665428433644758,
      0.011624916019755908,
      0.019875553857346066,
      0.033489528767916416,
      0.055879238454395866,
      0.09269728837205946,
      0.1526632880013689,
      0.2483617249097913
    ],
    "gate_proj": [
      0.010058434493883975,
      0.016065548898156527,
      0.024981503543301822,
      0.03875137966755664,
      0.060162323667583124,
      0.09278331802807369,
      0.1416131336324244,
      0.21356515790682165,
      0.31641352882432244
    ],
    "k_proj": [
      0.045314373044265756,
      0.0674519420266203,
      0.10241174177612941,
      0.15635961950353106,
      0.23191080127131367,
      0.3253281945548543,
      0.4410173773986815,
      0.5822005566962927,
      0.7449915060278995
    ],
    "o_proj": [
      0.011557845200532732,
      0.01947218786702295,
      0.03175035097861554,
      0.05002084149921987,
      0.07777118616903715,
      0.12086812123584552,
      0.1884008971995423,
      0.29238276373521815,
      0.44269934396168437
    ],
    "q_proj": [
      0.037239201929119954,
      0.05126934398114558,
      0.07223199448528328,
      0.1037735041439057,
      0.15202778738305917,
      0.22236589961620765,
      0.3164572048280343,
      0.43563650662141795,
      0.5778884730583742
    ],
    "up_proj": [
      0.007735215197441806,
      0.012706855338725441,
      0.020149034324193727,
      0.03194119694828763,
      0.05067788984497163,
      0.08016962899667328,
      0.12586675358073854,
      0.1958883674538568,
      0.30020166633883866
    ],
    "v_proj": [
      0.012411194559772201,
      0.021829902740512254,
      0.03685919704188042,
      0.059999732541970316,
      0.09642726587979207,
      0.15410087724865257,
      0.24525317307159475,
      0.38479055292812087,
      0.582067521061888
    ]
  }
}